#SampleID	BarcodeSequence	LinkerPrimerSequence	SAMP_COLLECT_DEVICE	ASSIGNED_FROM_GEO	EXPERIMENT_CENTER	TITLE	BIOLOGIC_SPECIMEN	AGE	TARGET_SUBFRAGMENT	TOT_MASS	COMMON_NAME	DEPTH	BODY_SITE_ANONYMIZED_NAME	SAMPLE_CENTER	HOST_TAXID	TAXON_ID	BODY_SITE	ELEVATION	RUN_DATE	COLLECTION_DATE	epoch_time	ALTITUDE	RUN_PREFIX	ENV_BIOME	SEX	PLATFORM	LOCATION	COUNTRY	HEIGHT_OR_LENGTH	EXPERIMENT_TITLE	ANONYMIZED_NAME	STOOL_NUMBER	SAMP_SIZE	AGE_UNIT	BODY_HABITAT	STUDY_ID	LIBRARY_CONSTRUCTION_PROTOCOL	EXPERIMENT_DESIGN_DESCRIPTION	LONGITUDE	HOST_COMMON_NAME	DOMINANT_HAND	HOST_NATION	ENV_MATTER	TARGET_GENE	ENV_FEATURE	KEY_SEQ	BODY_PRODUCT	REGION	RUN_CENTER	SMOKER	PCR_PRIMERS	SEQUENCING_METH	HOST_SUBJECT_ID	LATITUDE	PUBLIC	STUDY_CENTER	Description
2.09.F01.S1020P.742538	ATGGGACCTTCA	GTGTGCCAGCMGCCGCGGTAA	swab	n	CCME	Knight_Bangladesh_travel_series	stool	36	V4	NA	human gut metagenome	0	UBERON:feces_F01	CCME	9606	408170	UBERON:feces	22	2/25/13	2/9/12	1202428800	0	Bangladesh_FO_16s_NoIndex_sequences	ENVO:human-associated habitat	female	illumina	Dhaka, Bangladesh	GAZ:Bangladesh	167.6	Knight_Bangladesh_travel_series	F01	1	.1,g	years	UBERON:feces	1015	Illumina HiSeq V4	time series for 4 travellers who went to Bangladesh on the same trip	90.41	human	right	USA	ENVO:feces	16S rRNA	ENVO:human-associated habitat	NA	UBERON:feces	NA	CCME	n	FWD:GTGCCAGCMGCCGCGGTAA; REV:GGACTACHVGGGTWTCTAAT	Sequencing by synthesis	1015:F01	23.71	n	CCME	F01 stool
2.17.F01.S700A.742866	TCGTTTCTTCAG	GTGTGCCAGCMGCCGCGGTAA	swab	n	CCME	Knight_Bangladesh_travel_series	stool	36	V4	NA	human gut metagenome	0	UBERON:feces_F01	CCME	9606	408170	UBERON:feces	24.68	2/25/13	2/17/12	1203120000	0	Bangladesh_FO_16s_NoIndex_sequences	ENVO:human-associated habitat	female	illumina	Cambodia	GAZ:Cambodia	167.6	Knight_Bangladesh_travel_series	F01	1	.1,g	years	UBERON:feces	1015	Illumina HiSeq V4	time series for 4 travellers who went to Bangladesh on the same trip	104.99	human	right	USA	ENVO:feces	16S rRNA	ENVO:human-associated habitat	NA	UBERON:feces	NA	CCME	n	FWD:GTGCCAGCMGCCGCGGTAA; REV:GGACTACHVGGGTWTCTAAT	Sequencing by synthesis	1015:F01	12.57	n	CCME	F01 stool
2.01.F01.S946.742619	TCAATGACCGCA	GTGTGCCAGCMGCCGCGGTAA	swab	n	CCME	Knight_Bangladesh_travel_series	stool	36	V4	NA	human gut metagenome	0	UBERON:feces_F01	CCME	9606	408170	UBERON:feces	1624.1	2/25/13	2/1/12	1201737600	0	Bangladesh_FO_16s_NoIndex_sequences	ENVO:human-associated habitat	female	illumina	Boulder, CO	GAZ:United States of America	167.6	Knight_Bangladesh_travel_series	F01	2	.1,g	years	UBERON:feces	1015	Illumina HiSeq V4	time series for 4 travellers who went to Bangladesh on the same trip	-105.27	human	right	USA	ENVO:feces	16S rRNA	ENVO:human-associated habitat	NA	UBERON:feces	NA	CCME	n	FWD:GTGCCAGCMGCCGCGGTAA; REV:GGACTACHVGGGTWTCTAAT	Sequencing by synthesis	1015:F01	40.01	n	CCME	F01 stool
3.19.F01.S800.743051	CCTGGAATTAAG	GTGTGCCAGCMGCCGCGGTAA	swab	n	CCME	Knight_Bangladesh_travel_series	stool	36	V4	NA	human gut metagenome	0	UBERON:feces_F01	CCME	9606	408170	UBERON:feces	1624.1	2/25/13	3/19/12	1205798400	0	Bangladesh_FO_16s_NoIndex_sequences	ENVO:human-associated habitat	female	illumina	Boulder, CO	GAZ:United States of America	167.6	Knight_Bangladesh_travel_series	F01	1	.1,g	years	UBERON:feces	1015	Illumina HiSeq V4	time series for 4 travellers who went to Bangladesh on the same trip	-105.27	human	right	USA	ENVO:feces	16S rRNA	ENVO:human-associated habitat	NA	UBERON:feces	NA	CCME	n	FWD:GTGCCAGCMGCCGCGGTAA; REV:GGACTACHVGGGTWTCTAAT	Sequencing by synthesis	1015:F01	40.01	n	CCME	F01 stool
3.16.F01.S730.742878	CCACTTGAGAGT	GTGTGCCAGCMGCCGCGGTAA	swab	n	CCME	Knight_Bangladesh_travel_series	stool	36	V4	NA	human gut metagenome	0	UBERON:feces_F01	CCME	9606	408170	UBERON:feces	1624.1	2/25/13	3/16/12	1205539200	0	Bangladesh_FO_16s_NoIndex_sequences	ENVO:human-associated habitat	female	illumina	Boulder, CO	GAZ:United States of America	167.6	Knight_Bangladesh_travel_series	F01	1	.1,g	years	UBERON:feces	1015	Illumina HiSeq V4	time series for 4 travellers who went to Bangladesh on the same trip	-105.27	human	right	USA	ENVO:feces	16S rRNA	ENVO:human-associated habitat	NA	UBERON:feces	NA	CCME	n	FWD:GTGCCAGCMGCCGCGGTAA; REV:GGACTACHVGGGTWTCTAAT	Sequencing by synthesis	1015:F01	40.01	n	CCME	F01 stool
2.03.F01.S800A.742782	CATGTTGGAACA	GTGTGCCAGCMGCCGCGGTAA	swab	n	CCME	Knight_Bangladesh_travel_series	stool	36	V4	NA	human gut metagenome	0	UBERON:feces_F01	CCME	9606	408170	UBERON:feces	1624.1	2/25/13	2/3/12	1201910400	0	Bangladesh_FO_16s_NoIndex_sequences	ENVO:human-associated habitat	female	illumina	Boulder, CO	GAZ:United States of America	167.6	Knight_Bangladesh_travel_series	F01	NA	.1,g	years	UBERON:feces	1015	Illumina HiSeq V4	time series for 4 travellers who went to Bangladesh on the same trip	-105.27	human	right	USA	ENVO:feces	16S rRNA	ENVO:human-associated habitat	NA	UBERON:feces	NA	CCME	n	FWD:GTGCCAGCMGCCGCGGTAA; REV:GGACTACHVGGGTWTCTAAT	Sequencing by synthesis	1015:F01	40.01	n	CCME	F01 stool
4.01.F01.S1100.743362	TGAGACCCTACA	GTGTGCCAGCMGCCGCGGTAA	swab	n	CCME	Knight_Bangladesh_travel_series	stool	36	V4	NA	human gut metagenome	0	UBERON:feces_F01	CCME	9606	408170	UBERON:feces	1624.1	2/25/13	4/1/12	1206921600	0	Bangladesh_FO_16s_NoIndex_sequences	ENVO:human-associated habitat	female	illumina	Boulder, CO	GAZ:United States of America	167.6	Knight_Bangladesh_travel_series	F01	4	.1,g	years	UBERON:feces	1015	Illumina HiSeq V4	time series for 4 travellers who went to Bangladesh on the same trip	-105.27	human	right	USA	ENVO:feces	16S rRNA	ENVO:human-associated habitat	NA	UBERON:feces	NA	CCME	n	FWD:GTGCCAGCMGCCGCGGTAA; REV:GGACTACHVGGGTWTCTAAT	Sequencing by synthesis	1015:F01	40.01	n	CCME	F01 stool
1.21.F01.S.743025	CGTATAAATGCG	GTGTGCCAGCMGCCGCGGTAA	swab	n	CCME	Knight_Bangladesh_travel_series	stool	36	V4	NA	human gut metagenome	0	UBERON:feces_F01	CCME	9606	408170	UBERON:feces	1624.1	2/25/13	1/21/12	1200787200	0	Bangladesh_FO_16s_NoIndex_sequences	ENVO:human-associated habitat	female	illumina	Boulder, CO	GAZ:United States of America	167.6	Knight_Bangladesh_travel_series	F01	1	.1,g	years	UBERON:feces	1015	Illumina HiSeq V4	time series for 4 travellers who went to Bangladesh on the same trip	-105.27	human	right	USA	ENVO:feces	16S rRNA	ENVO:human-associated habitat	NA	UBERON:feces	NA	CCME	n	FWD:GTGCCAGCMGCCGCGGTAA; REV:GGACTACHVGGGTWTCTAAT	Sequencing by synthesis	1015:F01	40.01	n	CCME	F01 stool
2.06.F01.S609A.743355	ATGTTTAGACGG	GTGTGCCAGCMGCCGCGGTAA	swab	n	CCME	Knight_Bangladesh_travel_series	stool	36	V4	NA	human gut metagenome	0	UBERON:feces_F01	CCME	9606	408170	UBERON:feces	22	2/25/13	2/6/12	1202169600	0	Bangladesh_FO_16s_NoIndex_sequences	ENVO:human-associated habitat	female	illumina	Dhaka, Bangladesh	GAZ:Bangladesh	167.6	Knight_Bangladesh_travel_series	F01	2	.1,g	years	UBERON:feces	1015	Illumina HiSeq V4	time series for 4 travellers who went to Bangladesh on the same trip	90.41	human	right	USA	ENVO:feces	16S rRNA	ENVO:human-associated habitat	NA	UBERON:feces	NA	CCME	n	FWD:GTGCCAGCMGCCGCGGTAA; REV:GGACTACHVGGGTWTCTAAT	Sequencing by synthesis	1015:F01	23.71	n	CCME	F01 stool
1.23.F01.S.743266	GCGCCGAATCTT	GTGTGCCAGCMGCCGCGGTAA	swab	n	CCME	Knight_Bangladesh_travel_series	stool	36	V4	NA	human gut metagenome	0	UBERON:feces_F01	CCME	9606	408170	UBERON:feces	1624.1	2/25/13	1/23/12	1200960000	0	Bangladesh_FO_16s_NoIndex_sequences	ENVO:human-associated habitat	female	illumina	Boulder, CO	GAZ:United States of America	167.6	Knight_Bangladesh_travel_series	F01	1	.1,g	years	UBERON:feces	1015	Illumina HiSeq V4	time series for 4 travellers who went to Bangladesh on the same trip	-105.27	human	right	USA	ENVO:feces	16S rRNA	ENVO:human-associated habitat	NA	UBERON:feces	NA	CCME	n	FWD:GTGCCAGCMGCCGCGGTAA; REV:GGACTACHVGGGTWTCTAAT	Sequencing by synthesis	1015:F01	40.01	n	CCME	F01 stool
2.18.F01.S808A.743193	GCTATTCCTCAT	GTGTGCCAGCMGCCGCGGTAA	swab	n	CCME	Knight_Bangladesh_travel_series	stool	36	V4	NA	human gut metagenome	0	UBERON:feces_F01	CCME	9606	408170	UBERON:feces	3.26	2/25/13	2/18/12	1203206400	0	Bangladesh_FO_16s_NoIndex_sequences	ENVO:human-associated habitat	female	illumina	Thailand	GAZ:Thailand	167.6	Knight_Bangladesh_travel_series	F01	1	.1,g	years	UBERON:feces	1015	Illumina HiSeq V4	time series for 4 travellers who went to Bangladesh on the same trip	100.99	human	right	USA	ENVO:feces	16S rRNA	ENVO:human-associated habitat	NA	UBERON:feces	NA	CCME	n	FWD:GTGCCAGCMGCCGCGGTAA; REV:GGACTACHVGGGTWTCTAAT	Sequencing by synthesis	1015:F01	15.87	n	CCME	F01 stool
2.14.F01.S900A.743448	GTGTATCGCCAC	GTGTGCCAGCMGCCGCGGTAA	swab	n	CCME	Knight_Bangladesh_travel_series	stool	36	V4	NA	human gut metagenome	0	UBERON:feces_F01	CCME	9606	408170	UBERON:feces	24.68	2/25/13	2/14/12	1202860800	0	Bangladesh_FO_16s_NoIndex_sequences	ENVO:human-associated habitat	female	illumina	Cambodia	GAZ:Cambodia	167.6	Knight_Bangladesh_travel_series	F01	1	.1,g	years	UBERON:feces	1015	Illumina HiSeq V4	time series for 4 travellers who went to Bangladesh on the same trip	104.99	human	right	USA	ENVO:feces	16S rRNA	ENVO:human-associated habitat	NA	UBERON:feces	NA	CCME	n	FWD:GTGCCAGCMGCCGCGGTAA; REV:GGACTACHVGGGTWTCTAAT	Sequencing by synthesis	1015:F01	12.57	n	CCME	F01 stool
3.17.F01.S915.743410	CTAGCAGTATGA	GTGTGCCAGCMGCCGCGGTAA	swab	n	CCME	Knight_Bangladesh_travel_series	stool	36	V4	NA	human gut metagenome	0	UBERON:feces_F01	CCME	9606	408170	UBERON:feces	1624.1	2/25/13	3/17/12	1205625600	0	Bangladesh_FO_16s_NoIndex_sequences	ENVO:human-associated habitat	female	illumina	Boulder, CO	GAZ:United States of America	167.6	Knight_Bangladesh_travel_series	F01	1	.1,g	years	UBERON:feces	1015	Illumina HiSeq V4	time series for 4 travellers who went to Bangladesh on the same trip	-105.27	human	right	USA	ENVO:feces	16S rRNA	ENVO:human-associated habitat	NA	UBERON:feces	NA	CCME	n	FWD:GTGCCAGCMGCCGCGGTAA; REV:GGACTACHVGGGTWTCTAAT	Sequencing by synthesis	1015:F01	40.01	n	CCME	F01 stool
2.12.F01.2200.742452	CGGATAACCTCC	GTGTGCCAGCMGCCGCGGTAA	swab	n	CCME	Knight_Bangladesh_travel_series	stool	36	V4	NA	human gut metagenome	0	UBERON:feces_F01	CCME	9606	408170	UBERON:feces	24.68	2/25/13	2/12/12	1202688000	0	Bangladesh_Travel_16s_NoIndex_sequences	ENVO:human-associated habitat	female	illumina	Cambodia	GAZ:Cambodia	167.6	Knight_Bangladesh_travel_series	F01	NA	.1,g	years	UBERON:feces	1015	Illumina HiSeq V4	time series for 4 travellers who went to Bangladesh on the same trip	104.99	human	right	USA	ENVO:feces	16S rRNA	ENVO:human-associated habitat	NA	UBERON:feces	NA	CCME	n	FWD:GTGCCAGCMGCCGCGGTAA; REV:GGACTACHVGGGTWTCTAAT	Sequencing by synthesis	1015:F01	12.57	n	CCME	F01 stool
3.22.F01.S715.742235	CTGCAGTAAGTA	GTGTGCCAGCMGCCGCGGTAA	swab	n	CCME	Knight_Bangladesh_travel_series	stool	36	V4	NA	human gut metagenome	0	UBERON:feces_F01	CCME	9606	408170	UBERON:feces	1624.1	2/25/13	3/22/12	1206057600	0	Bangladesh_FO_16s_NoIndex_sequences	ENVO:human-associated habitat	female	illumina	Boulder, CO	GAZ:United States of America	167.6	Knight_Bangladesh_travel_series	F01	1	.1,g	years	UBERON:feces	1015	Illumina HiSeq V4	time series for 4 travellers who went to Bangladesh on the same trip	-105.27	human	right	USA	ENVO:feces	16S rRNA	ENVO:human-associated habitat	NA	UBERON:feces	NA	CCME	n	FWD:GTGCCAGCMGCCGCGGTAA; REV:GGACTACHVGGGTWTCTAAT	Sequencing by synthesis	1015:F01	40.01	n	CCME	F01 stool
3.04.F01.S2359.742566	ACGTGAGGAACG	GTGTGCCAGCMGCCGCGGTAA	swab	n	CCME	Knight_Bangladesh_travel_series	stool	36	V4	NA	human gut metagenome	0	UBERON:feces_F01	CCME	9606	408170	UBERON:feces	1624.1	2/25/13	3/4/12	1204502400	0	Bangladesh_FO_16s_NoIndex_sequences	ENVO:human-associated habitat	female	illumina	Boulder, CO	GAZ:United States of America	167.6	Knight_Bangladesh_travel_series	F01	2	.1,g	years	UBERON:feces	1015	Illumina HiSeq V4	time series for 4 travellers who went to Bangladesh on the same trip	-105.27	human	right	USA	ENVO:feces	16S rRNA	ENVO:human-associated habitat	NA	UBERON:feces	NA	CCME	n	FWD:GTGCCAGCMGCCGCGGTAA; REV:GGACTACHVGGGTWTCTAAT	Sequencing by synthesis	1015:F01	40.01	n	CCME	F01 stool
4.03.F01.S800.743223	CTCGGTCAACCA	GTGTGCCAGCMGCCGCGGTAA	swab	n	CCME	Knight_Bangladesh_travel_series	stool	36	V4	NA	human gut metagenome	0	UBERON:feces_F01	CCME	9606	408170	UBERON:feces	1624.1	2/25/13	4/3/12	1207094400	0	Bangladesh_FO_16s_NoIndex_sequences	ENVO:human-associated habitat	female	illumina	Boulder, CO	GAZ:United States of America	167.6	Knight_Bangladesh_travel_series	F01	1	.1,g	years	UBERON:feces	1015	Illumina HiSeq V4	time series for 4 travellers who went to Bangladesh on the same trip	-105.27	human	right	USA	ENVO:feces	16S rRNA	ENVO:human-associated habitat	NA	UBERON:feces	NA	CCME	n	FWD:GTGCCAGCMGCCGCGGTAA; REV:GGACTACHVGGGTWTCTAAT	Sequencing by synthesis	1015:F01	40.01	n	CCME	F01 stool
2.04.F01.S100A.743367	CGAGATAGTTTG	GTGTGCCAGCMGCCGCGGTAA	swab	n	CCME	Knight_Bangladesh_travel_series	stool	36	V4	NA	human gut metagenome	0	UBERON:feces_F01	CCME	9606	408170	UBERON:feces	3.26	2/25/13	2/4/12	1201996800	0	Bangladesh_FO_16s_NoIndex_sequences	ENVO:human-associated habitat	female	illumina	Thailand	GAZ:Thailand	167.6	Knight_Bangladesh_travel_series	F01	1	.1,g	years	UBERON:feces	1015	Illumina HiSeq V4	time series for 4 travellers who went to Bangladesh on the same trip	100.99	human	right	USA	ENVO:feces	16S rRNA	ENVO:human-associated habitat	NA	UBERON:feces	NA	CCME	n	FWD:GTGCCAGCMGCCGCGGTAA; REV:GGACTACHVGGGTWTCTAAT	Sequencing by synthesis	1015:F01	15.87	n	CCME	F01 stool
3.08.F01.S745.742430	ATCGAATCGAGT	GTGTGCCAGCMGCCGCGGTAA	swab	n	CCME	Knight_Bangladesh_travel_series	stool	36	V4	NA	human gut metagenome	0	UBERON:feces_F01	CCME	9606	408170	UBERON:feces	1624.1	2/25/13	3/8/12	1204848000	0	Bangladesh_FO_16s_NoIndex_sequences	ENVO:human-associated habitat	female	illumina	Boulder, CO	GAZ:United States of America	167.6	Knight_Bangladesh_travel_series	F01	1	.1,g	years	UBERON:feces	1015	Illumina HiSeq V4	time series for 4 travellers who went to Bangladesh on the same trip	-105.27	human	right	USA	ENVO:feces	16S rRNA	ENVO:human-associated habitat	NA	UBERON:feces	NA	CCME	n	FWD:GTGCCAGCMGCCGCGGTAA; REV:GGACTACHVGGGTWTCTAAT	Sequencing by synthesis	1015:F01	40.01	n	CCME	F01 stool
3.15.F01.S815.743241	TCAGGACGTATC	GTGTGCCAGCMGCCGCGGTAA	swab	n	CCME	Knight_Bangladesh_travel_series	stool	36	V4	NA	human gut metagenome	0	UBERON:feces_F01	CCME	9606	408170	UBERON:feces	1624.1	2/25/13	3/15/12	1205452800	0	Bangladesh_FO_16s_NoIndex_sequences	ENVO:human-associated habitat	female	illumina	Boulder, CO	GAZ:United States of America	167.6	Knight_Bangladesh_travel_series	F01	1	.1,g	years	UBERON:feces	1015	Illumina HiSeq V4	time series for 4 travellers who went to Bangladesh on the same trip	-105.27	human	right	USA	ENVO:feces	16S rRNA	ENVO:human-associated habitat	NA	UBERON:feces	NA	CCME	n	FWD:GTGCCAGCMGCCGCGGTAA; REV:GGACTACHVGGGTWTCTAAT	Sequencing by synthesis	1015:F01	40.01	n	CCME	F01 stool
2.19.F01.S1737.743643	CTTTAGCGCTGG	GTGTGCCAGCMGCCGCGGTAA	swab	n	CCME	Knight_Bangladesh_travel_series	stool	36	V4	NA	human gut metagenome	0	UBERON:feces_F01	CCME	9606	408170	UBERON:feces	3.26	2/25/13	2/19/12	1203292800	0	Bangladesh_FO_16s_NoIndex_sequences	ENVO:human-associated habitat	female	illumina	Thailand	GAZ:Thailand	167.6	Knight_Bangladesh_travel_series	F01	2	.1,g	years	UBERON:feces	1015	Illumina HiSeq V4	time series for 4 travellers who went to Bangladesh on the same trip	100.99	human	right	USA	ENVO:feces	16S rRNA	ENVO:human-associated habitat	NA	UBERON:feces	NA	CCME	n	FWD:GTGCCAGCMGCCGCGGTAA; REV:GGACTACHVGGGTWTCTAAT	Sequencing by synthesis	1015:F01	15.87	n	CCME	F01 stool
2.24.F01.S400.743267	GGTACTGTACCA	GTGTGCCAGCMGCCGCGGTAA	swab	n	CCME	Knight_Bangladesh_travel_series	stool	36	V4	NA	human gut metagenome	0	UBERON:feces_F01	CCME	9606	408170	UBERON:feces	1624.1	2/25/13	2/24/12	1203724800	0	Bangladesh_FO_16s_NoIndex_sequences	ENVO:human-associated habitat	female	illumina	Boulder, CO	GAZ:United States of America	167.6	Knight_Bangladesh_travel_series	F01	1	.1,g	years	UBERON:feces	1015	Illumina HiSeq V4	time series for 4 travellers who went to Bangladesh on the same trip	-105.27	human	right	USA	ENVO:feces	16S rRNA	ENVO:human-associated habitat	NA	UBERON:feces	NA	CCME	n	FWD:GTGCCAGCMGCCGCGGTAA; REV:GGACTACHVGGGTWTCTAAT	Sequencing by synthesis	1015:F01	40.01	n	CCME	F01 stool
1.24.F01.S.743001	GCCTCGTACTGA	GTGTGCCAGCMGCCGCGGTAA	swab	n	CCME	Knight_Bangladesh_travel_series	stool	36	V4	NA	human gut metagenome	0	UBERON:feces_F01	CCME	9606	408170	UBERON:feces	1624.1	2/25/13	1/24/12	1201046400	0	Bangladesh_FO_16s_NoIndex_sequences	ENVO:human-associated habitat	female	illumina	Boulder, CO	GAZ:United States of America	167.6	Knight_Bangladesh_travel_series	F01	1	.1,g	years	UBERON:feces	1015	Illumina HiSeq V4	time series for 4 travellers who went to Bangladesh on the same trip	-105.27	human	right	USA	ENVO:feces	16S rRNA	ENVO:human-associated habitat	NA	UBERON:feces	NA	CCME	n	FWD:GTGCCAGCMGCCGCGGTAA; REV:GGACTACHVGGGTWTCTAAT	Sequencing by synthesis	1015:F01	40.01	n	CCME	F01 stool
3.12.F01.S730.742665	CAAGTCGAATAC	GTGTGCCAGCMGCCGCGGTAA	swab	n	CCME	Knight_Bangladesh_travel_series	stool	36	V4	NA	human gut metagenome	0	UBERON:feces_F01	CCME	9606	408170	UBERON:feces	1624.1	2/25/13	3/12/12	1205193600	0	Bangladesh_FO_16s_NoIndex_sequences	ENVO:human-associated habitat	female	illumina	Boulder, CO	GAZ:United States of America	167.6	Knight_Bangladesh_travel_series	F01	1	.1,g	years	UBERON:feces	1015	Illumina HiSeq V4	time series for 4 travellers who went to Bangladesh on the same trip	-105.27	human	right	USA	ENVO:feces	16S rRNA	ENVO:human-associated habitat	NA	UBERON:feces	NA	CCME	n	FWD:GTGCCAGCMGCCGCGGTAA; REV:GGACTACHVGGGTWTCTAAT	Sequencing by synthesis	1015:F01	40.01	n	CCME	F01 stool
2.01.F01.S2145.742633	CTCTCATATGCT	GTGTGCCAGCMGCCGCGGTAA	swab	n	CCME	Knight_Bangladesh_travel_series	stool	36	V4	NA	human gut metagenome	0	UBERON:feces_F01	CCME	9606	408170	UBERON:feces	1624.1	2/25/13	2/1/12	1201737600	0	Bangladesh_FO_16s_NoIndex_sequences	ENVO:human-associated habitat	female	illumina	Boulder, CO	GAZ:United States of America	167.6	Knight_Bangladesh_travel_series	F01	1	.1,g	years	UBERON:feces	1015	Illumina HiSeq V4	time series for 4 travellers who went to Bangladesh on the same trip	-105.27	human	right	USA	ENVO:feces	16S rRNA	ENVO:human-associated habitat	NA	UBERON:feces	NA	CCME	n	FWD:GTGCCAGCMGCCGCGGTAA; REV:GGACTACHVGGGTWTCTAAT	Sequencing by synthesis	1015:F01	40.01	n	CCME	F01 stool
2.06.F01.S2115.743009	TGCGGGATTCAT	GTGTGCCAGCMGCCGCGGTAA	swab	n	CCME	Knight_Bangladesh_travel_series	stool	36	V4	NA	human gut metagenome	0	UBERON:feces_F01	CCME	9606	408170	UBERON:feces	22	2/25/13	2/6/12	1202169600	0	Bangladesh_FO_16s_NoIndex_sequences	ENVO:human-associated habitat	female	illumina	Dhaka, Bangladesh	GAZ:Bangladesh	167.6	Knight_Bangladesh_travel_series	F01	1	.1,g	years	UBERON:feces	1015	Illumina HiSeq V4	time series for 4 travellers who went to Bangladesh on the same trip	90.41	human	right	USA	ENVO:feces	16S rRNA	ENVO:human-associated habitat	NA	UBERON:feces	NA	CCME	n	FWD:GTGCCAGCMGCCGCGGTAA; REV:GGACTACHVGGGTWTCTAAT	Sequencing by synthesis	1015:F01	23.71	n	CCME	F01 stool
2.16.F01.S2030.743498	CGGATTGCTGTA	GTGTGCCAGCMGCCGCGGTAA	swab	n	CCME	Knight_Bangladesh_travel_series	stool	36	V4	NA	human gut metagenome	0	UBERON:feces_F01	CCME	9606	408170	UBERON:feces	24.68	2/25/13	2/16/12	1203033600	0	Bangladesh_FO_16s_NoIndex_sequences	ENVO:human-associated habitat	female	illumina	Cambodia	GAZ:Cambodia	167.6	Knight_Bangladesh_travel_series	F01	2	.1,g	years	UBERON:feces	1015	Illumina HiSeq V4	time series for 4 travellers who went to Bangladesh on the same trip	104.99	human	right	USA	ENVO:feces	16S rRNA	ENVO:human-associated habitat	NA	UBERON:feces	NA	CCME	n	FWD:GTGCCAGCMGCCGCGGTAA; REV:GGACTACHVGGGTWTCTAAT	Sequencing by synthesis	1015:F01	12.57	n	CCME	F01 stool
3.11.F01.S800.743018	TTGCCCTTTGAT	GTGTGCCAGCMGCCGCGGTAA	swab	n	CCME	Knight_Bangladesh_travel_series	stool	36	V4	NA	human gut metagenome	0	UBERON:feces_F01	CCME	9606	408170	UBERON:feces	1624.1	2/25/13	3/11/12	1205107200	0	Bangladesh_FO_16s_NoIndex_sequences	ENVO:human-associated habitat	female	illumina	Boulder, CO	GAZ:United States of America	167.6	Knight_Bangladesh_travel_series	F01	1	.1,g	years	UBERON:feces	1015	Illumina HiSeq V4	time series for 4 travellers who went to Bangladesh on the same trip	-105.27	human	right	USA	ENVO:feces	16S rRNA	ENVO:human-associated habitat	NA	UBERON:feces	NA	CCME	n	FWD:GTGCCAGCMGCCGCGGTAA; REV:GGACTACHVGGGTWTCTAAT	Sequencing by synthesis	1015:F01	40.01	n	CCME	F01 stool
1.22.F01.S.b.742351	GAGATACAGTTC	GTGTGCCAGCMGCCGCGGTAA	swab	n	CCME	Knight_Bangladesh_travel_series	stool	36	V4	NA	human gut metagenome	0	UBERON:feces_F01	CCME	9606	408170	UBERON:feces	1624.1	2/25/13	1/22/12	1200873600	0	Bangladesh_FO_16s_NoIndex_sequences	ENVO:human-associated habitat	female	illumina	Boulder, CO	GAZ:United States of America	167.6	Knight_Bangladesh_travel_series	F01	1	.1,g	years	UBERON:feces	1015	Illumina HiSeq V4	time series for 4 travellers who went to Bangladesh on the same trip	-105.27	human	right	USA	ENVO:feces	16S rRNA	ENVO:human-associated habitat	NA	UBERON:feces	NA	CCME	n	FWD:GTGCCAGCMGCCGCGGTAA; REV:GGACTACHVGGGTWTCTAAT	Sequencing by synthesis	1015:F01	40.01	n	CCME	F01 stool
2.20.F01.S1830.743437	TTAGACTCGGAA	GTGTGCCAGCMGCCGCGGTAA	swab	n	CCME	Knight_Bangladesh_travel_series	stool	36	V4	NA	human gut metagenome	0	UBERON:feces_F01	CCME	9606	408170	UBERON:feces	1624.1	2/25/13	2/20/12	1203379200	0	Bangladesh_FO_16s_NoIndex_sequences	ENVO:human-associated habitat	female	illumina	Boulder, CO	GAZ:United States of America	167.6	Knight_Bangladesh_travel_series	F01	1	.1,g	years	UBERON:feces	1015	Illumina HiSeq V4	time series for 4 travellers who went to Bangladesh on the same trip	-105.27	human	right	USA	ENVO:feces	16S rRNA	ENVO:human-associated habitat	NA	UBERON:feces	NA	CCME	n	FWD:GTGCCAGCMGCCGCGGTAA; REV:GGACTACHVGGGTWTCTAAT	Sequencing by synthesis	1015:F01	40.01	n	CCME	F01 stool
3.31.F01.S1200.743176	TTGTTACGTTCC	GTGTGCCAGCMGCCGCGGTAA	swab	n	CCME	Knight_Bangladesh_travel_series	stool	36	V4	NA	human gut metagenome	0	UBERON:feces_F01	CCME	9606	408170	UBERON:feces	1624.1	2/25/13	3/31/12	1206835200	0	Bangladesh_FO_16s_NoIndex_sequences	ENVO:human-associated habitat	female	illumina	Boulder, CO	GAZ:United States of America	167.6	Knight_Bangladesh_travel_series	F01	1	.1,g	years	UBERON:feces	1015	Illumina HiSeq V4	time series for 4 travellers who went to Bangladesh on the same trip	-105.27	human	right	USA	ENVO:feces	16S rRNA	ENVO:human-associated habitat	NA	UBERON:feces	NA	CCME	n	FWD:GTGCCAGCMGCCGCGGTAA; REV:GGACTACHVGGGTWTCTAAT	Sequencing by synthesis	1015:F01	40.01	n	CCME	F01 stool
2.07.F01.S1400.743514	TTAAACCGCGCC	GTGTGCCAGCMGCCGCGGTAA	swab	n	CCME	Knight_Bangladesh_travel_series	stool	36	V4	NA	human gut metagenome	0	UBERON:feces_F01	CCME	9606	408170	UBERON:feces	22	2/25/13	2/7/12	1202256000	0	Bangladesh_FO_16s_NoIndex_sequences	ENVO:human-associated habitat	female	illumina	Dhaka, Bangladesh	GAZ:Bangladesh	167.6	Knight_Bangladesh_travel_series	F01	2	.1,g	years	UBERON:feces	1015	Illumina HiSeq V4	time series for 4 travellers who went to Bangladesh on the same trip	90.41	human	right	USA	ENVO:feces	16S rRNA	ENVO:human-associated habitat	NA	UBERON:feces	NA	CCME	n	FWD:GTGCCAGCMGCCGCGGTAA; REV:GGACTACHVGGGTWTCTAAT	Sequencing by synthesis	1015:F01	23.71	n	CCME	F01 stool
1.19.F01.S.742438	CAAGCGTTGTCC	GTGTGCCAGCMGCCGCGGTAA	swab	n	CCME	Knight_Bangladesh_travel_series	stool	36	V4	NA	human gut metagenome	0	UBERON:feces_F01	CCME	9606	408170	UBERON:feces	1624.1	2/25/13	1/19/12	1200614400	0	Bangladesh_FO_16s_NoIndex_sequences	ENVO:human-associated habitat	female	illumina	Boulder, CO	GAZ:United States of America	167.6	Knight_Bangladesh_travel_series	F01	1	.1,g	years	UBERON:feces	1015	Illumina HiSeq V4	time series for 4 travellers who went to Bangladesh on the same trip	-105.27	human	right	USA	ENVO:feces	16S rRNA	ENVO:human-associated habitat	NA	UBERON:feces	NA	CCME	n	FWD:GTGCCAGCMGCCGCGGTAA; REV:GGACTACHVGGGTWTCTAAT	Sequencing by synthesis	1015:F01	40.01	n	CCME	F01 stool
1.22.F01.S.743550	AGACAAGCTTCC	GTGTGCCAGCMGCCGCGGTAA	swab	n	CCME	Knight_Bangladesh_travel_series	stool	36	V4	NA	human gut metagenome	0	UBERON:feces_F01	CCME	9606	408170	UBERON:feces	1624.1	2/25/13	1/22/12	1200873600	0	Bangladesh_FO_16s_NoIndex_sequences	ENVO:human-associated habitat	female	illumina	Boulder, CO	GAZ:United States of America	167.6	Knight_Bangladesh_travel_series	F01	1	.1,g	years	UBERON:feces	1015	Illumina HiSeq V4	time series for 4 travellers who went to Bangladesh on the same trip	-105.27	human	right	USA	ENVO:feces	16S rRNA	ENVO:human-associated habitat	NA	UBERON:feces	NA	CCME	n	FWD:GTGCCAGCMGCCGCGGTAA; REV:GGACTACHVGGGTWTCTAAT	Sequencing by synthesis	1015:F01	40.01	n	CCME	F01 stool
1.20.F01.S.742432	GTGAGGGCAAGT	GTGTGCCAGCMGCCGCGGTAA	swab	n	CCME	Knight_Bangladesh_travel_series	stool	36	V4	NA	human gut metagenome	0	UBERON:feces_F01	CCME	9606	408170	UBERON:feces	1624.1	2/25/13	1/20/12	1200700800	0	Bangladesh_FO_16s_NoIndex_sequences	ENVO:human-associated habitat	female	illumina	Boulder, CO	GAZ:United States of America	167.6	Knight_Bangladesh_travel_series	F01	1	.1,g	years	UBERON:feces	1015	Illumina HiSeq V4	time series for 4 travellers who went to Bangladesh on the same trip	-105.27	human	right	USA	ENVO:feces	16S rRNA	ENVO:human-associated habitat	NA	UBERON:feces	NA	CCME	n	FWD:GTGCCAGCMGCCGCGGTAA; REV:GGACTACHVGGGTWTCTAAT	Sequencing by synthesis	1015:F01	40.01	n	CCME	F01 stool
3.23.F01.S715.742571	GAAAGGTGAGAA	GTGTGCCAGCMGCCGCGGTAA	swab	n	CCME	Knight_Bangladesh_travel_series	stool	36	V4	NA	human gut metagenome	0	UBERON:feces_F01	CCME	9606	408170	UBERON:feces	1624.1	2/25/13	3/23/12	1206144000	0	Bangladesh_FO_16s_NoIndex_sequences	ENVO:human-associated habitat	female	illumina	Boulder, CO	GAZ:United States of America	167.6	Knight_Bangladesh_travel_series	F01	1	.1,g	years	UBERON:feces	1015	Illumina HiSeq V4	time series for 4 travellers who went to Bangladesh on the same trip	-105.27	human	right	USA	ENVO:feces	16S rRNA	ENVO:human-associated habitat	NA	UBERON:feces	NA	CCME	n	FWD:GTGCCAGCMGCCGCGGTAA; REV:GGACTACHVGGGTWTCTAAT	Sequencing by synthesis	1015:F01	40.01	n	CCME	F01 stool
2.11.F01.S700A.742484	ACATGTCACGTG	GTGTGCCAGCMGCCGCGGTAA	swab	n	CCME	Knight_Bangladesh_travel_series	stool	36	V4	NA	human gut metagenome	0	UBERON:feces_F01	CCME	9606	408170	UBERON:feces	3.26	2/25/13	2/11/12	1202601600	0	Bangladesh_FO_16s_NoIndex_sequences	ENVO:human-associated habitat	female	illumina	Thailand	GAZ:Thailand	167.6	Knight_Bangladesh_travel_series	F01	1	.1,g	years	UBERON:feces	1015	Illumina HiSeq V4	time series for 4 travellers who went to Bangladesh on the same trip	100.99	human	right	USA	ENVO:feces	16S rRNA	ENVO:human-associated habitat	NA	UBERON:feces	NA	CCME	n	FWD:GTGCCAGCMGCCGCGGTAA; REV:GGACTACHVGGGTWTCTAAT	Sequencing by synthesis	1015:F01	15.87	n	CCME	F01 stool
2.07.F01.S115A.742769	AGCCTCATGATG	GTGTGCCAGCMGCCGCGGTAA	swab	n	CCME	Knight_Bangladesh_travel_series	stool	36	V4	NA	human gut metagenome	0	UBERON:feces_F01	CCME	9606	408170	UBERON:feces	22	2/25/13	2/7/12	1202256000	0	Bangladesh_FO_16s_NoIndex_sequences	ENVO:human-associated habitat	female	illumina	Dhaka, Bangladesh	GAZ:Bangladesh	167.6	Knight_Bangladesh_travel_series	F01	1	.1,g	years	UBERON:feces	1015	Illumina HiSeq V4	time series for 4 travellers who went to Bangladesh on the same trip	90.41	human	right	USA	ENVO:feces	16S rRNA	ENVO:human-associated habitat	NA	UBERON:feces	NA	CCME	n	FWD:GTGCCAGCMGCCGCGGTAA; REV:GGACTACHVGGGTWTCTAAT	Sequencing by synthesis	1015:F01	23.71	n	CCME	F01 stool
3.13.F01.S800.742428	GGCGAACTGAAG	GTGTGCCAGCMGCCGCGGTAA	swab	n	CCME	Knight_Bangladesh_travel_series	stool	36	V4	NA	human gut metagenome	0	UBERON:feces_F01	CCME	9606	408170	UBERON:feces	1624.1	2/25/13	3/13/12	1205280000	0	Bangladesh_FO_16s_NoIndex_sequences	ENVO:human-associated habitat	female	illumina	Boulder, CO	GAZ:United States of America	167.6	Knight_Bangladesh_travel_series	F01	1	.1,g	years	UBERON:feces	1015	Illumina HiSeq V4	time series for 4 travellers who went to Bangladesh on the same trip	-105.27	human	right	USA	ENVO:feces	16S rRNA	ENVO:human-associated habitat	NA	UBERON:feces	NA	CCME	n	FWD:GTGCCAGCMGCCGCGGTAA; REV:GGACTACHVGGGTWTCTAAT	Sequencing by synthesis	1015:F01	40.01	n	CCME	F01 stool
2.12.F01.S2200.742911	CAAACTGCGTTG	GTGTGCCAGCMGCCGCGGTAA	swab	n	CCME	Knight_Bangladesh_travel_series	stool	36	V4	NA	human gut metagenome	0	UBERON:feces_F01	CCME	9606	408170	UBERON:feces	24.68	2/25/13	2/12/12	1202688000	0	Bangladesh_FO_16s_NoIndex_sequences	ENVO:human-associated habitat	female	illumina	Cambodia	GAZ:Cambodia	167.6	Knight_Bangladesh_travel_series	F01	1	.1,g	years	UBERON:feces	1015	Illumina HiSeq V4	time series for 4 travellers who went to Bangladesh on the same trip	104.99	human	right	USA	ENVO:feces	16S rRNA	ENVO:human-associated habitat	NA	UBERON:feces	NA	CCME	n	FWD:GTGCCAGCMGCCGCGGTAA; REV:GGACTACHVGGGTWTCTAAT	Sequencing by synthesis	1015:F01	12.57	n	CCME	F01 stool
3.20.F01.S700.742789	GCAAGTGTGAGG	GTGTGCCAGCMGCCGCGGTAA	swab	n	CCME	Knight_Bangladesh_travel_series	stool	36	V4	NA	human gut metagenome	0	UBERON:feces_F01	CCME	9606	408170	UBERON:feces	1624.1	2/25/13	3/20/12	1205884800	0	Bangladesh_FO_16s_NoIndex_sequences	ENVO:human-associated habitat	female	illumina	Boulder, CO	GAZ:United States of America	167.6	Knight_Bangladesh_travel_series	F01	1	.1,g	years	UBERON:feces	1015	Illumina HiSeq V4	time series for 4 travellers who went to Bangladesh on the same trip	-105.27	human	right	USA	ENVO:feces	16S rRNA	ENVO:human-associated habitat	NA	UBERON:feces	NA	CCME	n	FWD:GTGCCAGCMGCCGCGGTAA; REV:GGACTACHVGGGTWTCTAAT	Sequencing by synthesis	1015:F01	40.01	n	CCME	F01 stool
3.18.F01.S1500.742921	GTCAAGACCTCA	GTGTGCCAGCMGCCGCGGTAA	swab	n	CCME	Knight_Bangladesh_travel_series	stool	36	V4	NA	human gut metagenome	0	UBERON:feces_F01	CCME	9606	408170	UBERON:feces	1624.1	2/25/13	3/18/12	1205712000	0	Bangladesh_FO_16s_NoIndex_sequences	ENVO:human-associated habitat	female	illumina	Boulder, CO	GAZ:United States of America	167.6	Knight_Bangladesh_travel_series	F01	2	.1,g	years	UBERON:feces	1015	Illumina HiSeq V4	time series for 4 travellers who went to Bangladesh on the same trip	-105.27	human	right	USA	ENVO:feces	16S rRNA	ENVO:human-associated habitat	NA	UBERON:feces	NA	CCME	n	FWD:GTGCCAGCMGCCGCGGTAA; REV:GGACTACHVGGGTWTCTAAT	Sequencing by synthesis	1015:F01	40.01	n	CCME	F01 stool
3.04.F01.S700.743297	GACCGATAGGGA	GTGTGCCAGCMGCCGCGGTAA	swab	n	CCME	Knight_Bangladesh_travel_series	stool	36	V4	NA	human gut metagenome	0	UBERON:feces_F01	CCME	9606	408170	UBERON:feces	1624.1	2/25/13	3/4/12	1204502400	0	Bangladesh_FO_16s_NoIndex_sequences	ENVO:human-associated habitat	female	illumina	Boulder, CO	GAZ:United States of America	167.6	Knight_Bangladesh_travel_series	F01	1	.1,g	years	UBERON:feces	1015	Illumina HiSeq V4	time series for 4 travellers who went to Bangladesh on the same trip	-105.27	human	right	USA	ENVO:feces	16S rRNA	ENVO:human-associated habitat	NA	UBERON:feces	NA	CCME	n	FWD:GTGCCAGCMGCCGCGGTAA; REV:GGACTACHVGGGTWTCTAAT	Sequencing by synthesis	1015:F01	40.01	n	CCME	F01 stool
2.16.F01.S1700.742490	CTTGCATACCGG	GTGTGCCAGCMGCCGCGGTAA	swab	n	CCME	Knight_Bangladesh_travel_series	stool	36	V4	NA	human gut metagenome	0	UBERON:feces_F01	CCME	9606	408170	UBERON:feces	24.68	2/25/13	2/16/12	1203033600	0	Bangladesh_FO_16s_NoIndex_sequences	ENVO:human-associated habitat	female	illumina	Cambodia	GAZ:Cambodia	167.6	Knight_Bangladesh_travel_series	F01	1	.1,g	years	UBERON:feces	1015	Illumina HiSeq V4	time series for 4 travellers who went to Bangladesh on the same trip	104.99	human	right	USA	ENVO:feces	16S rRNA	ENVO:human-associated habitat	NA	UBERON:feces	NA	CCME	n	FWD:GTGCCAGCMGCCGCGGTAA; REV:GGACTACHVGGGTWTCTAAT	Sequencing by synthesis	1015:F01	12.57	n	CCME	F01 stool
2.29.F01.S1030.743522	ATAAGGTCGCCT	GTGTGCCAGCMGCCGCGGTAA	swab	n	CCME	Knight_Bangladesh_travel_series	stool	36	V4	NA	human gut metagenome	0	UBERON:feces_F01	CCME	9606	408170	UBERON:feces	1624.1	2/25/13	2/29/12	1204156800	0	Bangladesh_FO_16s_NoIndex_sequences	ENVO:human-associated habitat	female	illumina	Boulder, CO	GAZ:United States of America	167.6	Knight_Bangladesh_travel_series	F01	1	.1,g	years	UBERON:feces	1015	Illumina HiSeq V4	time series for 4 travellers who went to Bangladesh on the same trip	-105.27	human	right	USA	ENVO:feces	16S rRNA	ENVO:human-associated habitat	NA	UBERON:feces	NA	CCME	n	FWD:GTGCCAGCMGCCGCGGTAA; REV:GGACTACHVGGGTWTCTAAT	Sequencing by synthesis	1015:F01	40.01	n	CCME	F01 stool
1.26.F01.S.743333	GACTTATGCCCG	GTGTGCCAGCMGCCGCGGTAA	swab	n	CCME	Knight_Bangladesh_travel_series	stool	36	V4	NA	human gut metagenome	0	UBERON:feces_F01	CCME	9606	408170	UBERON:feces	1624.1	2/25/13	1/26/12	1201219200	0	Bangladesh_FO_16s_NoIndex_sequences	ENVO:human-associated habitat	female	illumina	Boulder, CO	GAZ:United States of America	167.6	Knight_Bangladesh_travel_series	F01	1	.1,g	years	UBERON:feces	1015	Illumina HiSeq V4	time series for 4 travellers who went to Bangladesh on the same trip	-105.27	human	right	USA	ENVO:feces	16S rRNA	ENVO:human-associated habitat	NA	UBERON:feces	NA	CCME	n	FWD:GTGCCAGCMGCCGCGGTAA; REV:GGACTACHVGGGTWTCTAAT	Sequencing by synthesis	1015:F01	40.01	n	CCME	F01 stool
3.30.F01.S900.743147	GCACTTCATTTC	GTGTGCCAGCMGCCGCGGTAA	swab	n	CCME	Knight_Bangladesh_travel_series	stool	36	V4	NA	human gut metagenome	0	UBERON:feces_F01	CCME	9606	408170	UBERON:feces	1624.1	2/25/13	3/30/12	1206748800	0	Bangladesh_FO_16s_NoIndex_sequences	ENVO:human-associated habitat	female	illumina	Boulder, CO	GAZ:United States of America	167.6	Knight_Bangladesh_travel_series	F01	1	.1,g	years	UBERON:feces	1015	Illumina HiSeq V4	time series for 4 travellers who went to Bangladesh on the same trip	-105.27	human	right	USA	ENVO:feces	16S rRNA	ENVO:human-associated habitat	NA	UBERON:feces	NA	CCME	n	FWD:GTGCCAGCMGCCGCGGTAA; REV:GGACTACHVGGGTWTCTAAT	Sequencing by synthesis	1015:F01	40.01	n	CCME	F01 stool
2.07.F01.S2212.742918	CTATCGGAAGAT	GTGTGCCAGCMGCCGCGGTAA	swab	n	CCME	Knight_Bangladesh_travel_series	stool	36	V4	NA	human gut metagenome	0	UBERON:feces_F01	CCME	9606	408170	UBERON:feces	22	2/25/13	2/7/12	1202256000	0	Bangladesh_FO_16s_NoIndex_sequences	ENVO:human-associated habitat	female	illumina	Dhaka, Bangladesh	GAZ:Bangladesh	167.6	Knight_Bangladesh_travel_series	F01	3	.1,g	years	UBERON:feces	1015	Illumina HiSeq V4	time series for 4 travellers who went to Bangladesh on the same trip	90.41	human	right	USA	ENVO:feces	16S rRNA	ENVO:human-associated habitat	NA	UBERON:feces	NA	CCME	n	FWD:GTGCCAGCMGCCGCGGTAA; REV:GGACTACHVGGGTWTCTAAT	Sequencing by synthesis	1015:F01	23.71	n	CCME	F01 stool
2.20.F01.S2030.743484	CCAAACTCGTCG	GTGTGCCAGCMGCCGCGGTAA	swab	n	CCME	Knight_Bangladesh_travel_series	stool	36	V4	NA	human gut metagenome	0	UBERON:feces_F01	CCME	9606	408170	UBERON:feces	1624.1	2/25/13	2/20/12	1203379200	0	Bangladesh_FO_16s_NoIndex_sequences	ENVO:human-associated habitat	female	illumina	Boulder, CO	GAZ:United States of America	167.6	Knight_Bangladesh_travel_series	F01	2	.1,g	years	UBERON:feces	1015	Illumina HiSeq V4	time series for 4 travellers who went to Bangladesh on the same trip	-105.27	human	right	USA	ENVO:feces	16S rRNA	ENVO:human-associated habitat	NA	UBERON:feces	NA	CCME	n	FWD:GTGCCAGCMGCCGCGGTAA; REV:GGACTACHVGGGTWTCTAAT	Sequencing by synthesis	1015:F01	40.01	n	CCME	F01 stool
3.27.F01.S730.742966	GTTAATGGCAGT	GTGTGCCAGCMGCCGCGGTAA	swab	n	CCME	Knight_Bangladesh_travel_series	stool	36	V4	NA	human gut metagenome	0	UBERON:feces_F01	CCME	9606	408170	UBERON:feces	1624.1	2/25/13	3/27/12	1206489600	0	Bangladesh_FO_16s_NoIndex_sequences	ENVO:human-associated habitat	female	illumina	Boulder, CO	GAZ:United States of America	167.6	Knight_Bangladesh_travel_series	F01	1	.1,g	years	UBERON:feces	1015	Illumina HiSeq V4	time series for 4 travellers who went to Bangladesh on the same trip	-105.27	human	right	USA	ENVO:feces	16S rRNA	ENVO:human-associated habitat	NA	UBERON:feces	NA	CCME	n	FWD:GTGCCAGCMGCCGCGGTAA; REV:GGACTACHVGGGTWTCTAAT	Sequencing by synthesis	1015:F01	40.01	n	CCME	F01 stool
3.14.F01.S800.742821	TGAATCGAAGCT	GTGTGCCAGCMGCCGCGGTAA	swab	n	CCME	Knight_Bangladesh_travel_series	stool	36	V4	NA	human gut metagenome	0	UBERON:feces_F01	CCME	9606	408170	UBERON:feces	1624.1	2/25/13	3/14/12	1205366400	0	Bangladesh_FO_16s_NoIndex_sequences	ENVO:human-associated habitat	female	illumina	Boulder, CO	GAZ:United States of America	167.6	Knight_Bangladesh_travel_series	F01	1	.1,g	years	UBERON:feces	1015	Illumina HiSeq V4	time series for 4 travellers who went to Bangladesh on the same trip	-105.27	human	right	USA	ENVO:feces	16S rRNA	ENVO:human-associated habitat	NA	UBERON:feces	NA	CCME	n	FWD:GTGCCAGCMGCCGCGGTAA; REV:GGACTACHVGGGTWTCTAAT	Sequencing by synthesis	1015:F01	40.01	n	CCME	F01 stool
1.25.F01.S1015A.742713	TGTCAGCTGTCG	GTGTGCCAGCMGCCGCGGTAA	swab	n	CCME	Knight_Bangladesh_travel_series	stool	36	V4	NA	human gut metagenome	0	UBERON:feces_F01	CCME	9606	408170	UBERON:feces	1624.1	2/25/13	1/25/12	1201132800	0	Bangladesh_FO_16s_NoIndex_sequences	ENVO:human-associated habitat	female	illumina	Boulder, CO	GAZ:United States of America	167.6	Knight_Bangladesh_travel_series	F01	1	.1,g	years	UBERON:feces	1015	Illumina HiSeq V4	time series for 4 travellers who went to Bangladesh on the same trip	-105.27	human	right	USA	ENVO:feces	16S rRNA	ENVO:human-associated habitat	NA	UBERON:feces	NA	CCME	n	FWD:GTGCCAGCMGCCGCGGTAA; REV:GGACTACHVGGGTWTCTAAT	Sequencing by synthesis	1015:F01	40.01	n	CCME	F01 stool
1.30.F01.S.743551	GTTATGACGGAT	GTGTGCCAGCMGCCGCGGTAA	swab	n	CCME	Knight_Bangladesh_travel_series	stool	36	V4	NA	human gut metagenome	0	UBERON:feces_F01	CCME	9606	408170	UBERON:feces	1624.1	2/25/13	1/30/12	1201564800	0	Bangladesh_FO_16s_NoIndex_sequences	ENVO:human-associated habitat	female	illumina	Boulder, CO	GAZ:United States of America	167.6	Knight_Bangladesh_travel_series	F01	1	.1,g	years	UBERON:feces	1015	Illumina HiSeq V4	time series for 4 travellers who went to Bangladesh on the same trip	-105.27	human	right	USA	ENVO:feces	16S rRNA	ENVO:human-associated habitat	NA	UBERON:feces	NA	CCME	n	FWD:GTGCCAGCMGCCGCGGTAA; REV:GGACTACHVGGGTWTCTAAT	Sequencing by synthesis	1015:F01	40.01	n	CCME	F01 stool
3.21.F01.S800.742301	CGGCACTATCAC	GTGTGCCAGCMGCCGCGGTAA	swab	n	CCME	Knight_Bangladesh_travel_series	stool	36	V4	NA	human gut metagenome	0	UBERON:feces_F01	CCME	9606	408170	UBERON:feces	1624.1	2/25/13	3/21/12	1205971200	0	Bangladesh_FO_16s_NoIndex_sequences	ENVO:human-associated habitat	female	illumina	Boulder, CO	GAZ:United States of America	167.6	Knight_Bangladesh_travel_series	F01	1	.1,g	years	UBERON:feces	1015	Illumina HiSeq V4	time series for 4 travellers who went to Bangladesh on the same trip	-105.27	human	right	USA	ENVO:feces	16S rRNA	ENVO:human-associated habitat	NA	UBERON:feces	NA	CCME	n	FWD:GTGCCAGCMGCCGCGGTAA; REV:GGACTACHVGGGTWTCTAAT	Sequencing by synthesis	1015:F01	40.01	n	CCME	F01 stool
3.09.F01.S945.742984	GGATGCAGGATG	GTGTGCCAGCMGCCGCGGTAA	swab	n	CCME	Knight_Bangladesh_travel_series	stool	36	V4	NA	human gut metagenome	0	UBERON:feces_F01	CCME	9606	408170	UBERON:feces	1624.1	2/25/13	3/9/12	1204934400	0	Bangladesh_FO_16s_NoIndex_sequences	ENVO:human-associated habitat	female	illumina	Boulder, CO	GAZ:United States of America	167.6	Knight_Bangladesh_travel_series	F01	1	.1,g	years	UBERON:feces	1015	Illumina HiSeq V4	time series for 4 travellers who went to Bangladesh on the same trip	-105.27	human	right	USA	ENVO:feces	16S rRNA	ENVO:human-associated habitat	NA	UBERON:feces	NA	CCME	n	FWD:GTGCCAGCMGCCGCGGTAA; REV:GGACTACHVGGGTWTCTAAT	Sequencing by synthesis	1015:F01	40.01	n	CCME	F01 stool
2.25.F01.S2000.742278	AGTACCTAAGTG	GTGTGCCAGCMGCCGCGGTAA	swab	n	CCME	Knight_Bangladesh_travel_series	stool	36	V4	NA	human gut metagenome	0	UBERON:feces_F01	CCME	9606	408170	UBERON:feces	1624.1	2/25/13	2/25/12	1203811200	0	Bangladesh_FO_16s_NoIndex_sequences	ENVO:human-associated habitat	female	illumina	Boulder, CO	GAZ:United States of America	167.6	Knight_Bangladesh_travel_series	F01	1	.1,g	years	UBERON:feces	1015	Illumina HiSeq V4	time series for 4 travellers who went to Bangladesh on the same trip	-105.27	human	right	USA	ENVO:feces	16S rRNA	ENVO:human-associated habitat	NA	UBERON:feces	NA	CCME	n	FWD:GTGCCAGCMGCCGCGGTAA; REV:GGACTACHVGGGTWTCTAAT	Sequencing by synthesis	1015:F01	40.01	n	CCME	F01 stool
2.10.F01.S2100.743611	CGCGTCAAACTA	GTGTGCCAGCMGCCGCGGTAA	swab	n	CCME	Knight_Bangladesh_travel_series	stool	36	V4	NA	human gut metagenome	0	UBERON:feces_F01	CCME	9606	408170	UBERON:feces	22	2/25/13	2/10/12	1202515200	0	Bangladesh_FO_16s_NoIndex_sequences	ENVO:human-associated habitat	female	illumina	Dhaka, Bangladesh	GAZ:Bangladesh	167.6	Knight_Bangladesh_travel_series	F01	1	.1,g	years	UBERON:feces	1015	Illumina HiSeq V4	time series for 4 travellers who went to Bangladesh on the same trip	90.41	human	right	USA	ENVO:feces	16S rRNA	ENVO:human-associated habitat	NA	UBERON:feces	NA	CCME	n	FWD:GTGCCAGCMGCCGCGGTAA; REV:GGACTACHVGGGTWTCTAAT	Sequencing by synthesis	1015:F01	23.71	n	CCME	F01 stool
1.18.F01.S.742243	GGAACGACGTGA	GTGTGCCAGCMGCCGCGGTAA	swab	n	CCME	Knight_Bangladesh_travel_series	stool	36	V4	NA	human gut metagenome	0	UBERON:feces_F01	CCME	9606	408170	UBERON:feces	1624.1	2/25/13	1/18/12	1200528000	0	Bangladesh_FO_16s_NoIndex_sequences	ENVO:human-associated habitat	female	illumina	Boulder, CO	GAZ:United States of America	167.6	Knight_Bangladesh_travel_series	F01	1	.1,g	years	UBERON:feces	1015	Illumina HiSeq V4	time series for 4 travellers who went to Bangladesh on the same trip	-105.27	human	right	USA	ENVO:feces	16S rRNA	ENVO:human-associated habitat	NA	UBERON:feces	NA	CCME	n	FWD:GTGCCAGCMGCCGCGGTAA; REV:GGACTACHVGGGTWTCTAAT	Sequencing by synthesis	1015:F01	40.01	n	CCME	F01 stool
3.02.F01.S800.742650	CTGGTCTTACGG	GTGTGCCAGCMGCCGCGGTAA	swab	n	CCME	Knight_Bangladesh_travel_series	stool	36	V4	NA	human gut metagenome	0	UBERON:feces_F01	CCME	9606	408170	UBERON:feces	1624.1	2/25/13	3/2/12	1204329600	0	Bangladesh_FO_16s_NoIndex_sequences	ENVO:human-associated habitat	female	illumina	Boulder, CO	GAZ:United States of America	167.6	Knight_Bangladesh_travel_series	F01	1	.1,g	years	UBERON:feces	1015	Illumina HiSeq V4	time series for 4 travellers who went to Bangladesh on the same trip	-105.27	human	right	USA	ENVO:feces	16S rRNA	ENVO:human-associated habitat	NA	UBERON:feces	NA	CCME	n	FWD:GTGCCAGCMGCCGCGGTAA; REV:GGACTACHVGGGTWTCTAAT	Sequencing by synthesis	1015:F01	40.01	n	CCME	F01 stool
2.19.F01.S1500.743082	TTGACACACGAC	GTGTGCCAGCMGCCGCGGTAA	swab	n	CCME	Knight_Bangladesh_travel_series	stool	36	V4	NA	human gut metagenome	0	UBERON:feces_F01	CCME	9606	408170	UBERON:feces	3.26	2/25/13	2/19/12	1203292800	0	Bangladesh_FO_16s_NoIndex_sequences	ENVO:human-associated habitat	female	illumina	Thailand	GAZ:Thailand	167.6	Knight_Bangladesh_travel_series	F01	1	.1,g	years	UBERON:feces	1015	Illumina HiSeq V4	time series for 4 travellers who went to Bangladesh on the same trip	100.99	human	right	USA	ENVO:feces	16S rRNA	ENVO:human-associated habitat	NA	UBERON:feces	NA	CCME	n	FWD:GTGCCAGCMGCCGCGGTAA; REV:GGACTACHVGGGTWTCTAAT	Sequencing by synthesis	1015:F01	15.87	n	CCME	F01 stool
3.10.F01.S800.742829	GTTCTGCTTGTT	GTGTGCCAGCMGCCGCGGTAA	swab	n	CCME	Knight_Bangladesh_travel_series	stool	36	V4	NA	human gut metagenome	0	UBERON:feces_F01	CCME	9606	408170	UBERON:feces	1624.1	2/25/13	3/10/12	1205020800	0	Bangladesh_FO_16s_NoIndex_sequences	ENVO:human-associated habitat	female	illumina	Boulder, CO	GAZ:United States of America	167.6	Knight_Bangladesh_travel_series	F01	1	.1,g	years	UBERON:feces	1015	Illumina HiSeq V4	time series for 4 travellers who went to Bangladesh on the same trip	-105.27	human	right	USA	ENVO:feces	16S rRNA	ENVO:human-associated habitat	NA	UBERON:feces	NA	CCME	n	FWD:GTGCCAGCMGCCGCGGTAA; REV:GGACTACHVGGGTWTCTAAT	Sequencing by synthesis	1015:F01	40.01	n	CCME	F01 stool
3.06.F01.S800.743420	GGTCTAGGTCTA	GTGTGCCAGCMGCCGCGGTAA	swab	n	CCME	Knight_Bangladesh_travel_series	stool	36	V4	NA	human gut metagenome	0	UBERON:feces_F01	CCME	9606	408170	UBERON:feces	1624.1	2/25/13	3/6/12	1204675200	0	Bangladesh_FO_16s_NoIndex_sequences	ENVO:human-associated habitat	female	illumina	Boulder, CO	GAZ:United States of America	167.6	Knight_Bangladesh_travel_series	F01	1	.1,g	years	UBERON:feces	1015	Illumina HiSeq V4	time series for 4 travellers who went to Bangladesh on the same trip	-105.27	human	right	USA	ENVO:feces	16S rRNA	ENVO:human-associated habitat	NA	UBERON:feces	NA	CCME	n	FWD:GTGCCAGCMGCCGCGGTAA; REV:GGACTACHVGGGTWTCTAAT	Sequencing by synthesis	1015:F01	40.01	n	CCME	F01 stool
2.08.F01.S2130.743053	CCAGTATCGCGT	GTGTGCCAGCMGCCGCGGTAA	swab	n	CCME	Knight_Bangladesh_travel_series	stool	36	V4	NA	human gut metagenome	0	UBERON:feces_F01	CCME	9606	408170	UBERON:feces	22	2/25/13	2/8/12	1202342400	0	Bangladesh_FO_16s_NoIndex_sequences	ENVO:human-associated habitat	female	illumina	Dhaka, Bangladesh	GAZ:Bangladesh	167.6	Knight_Bangladesh_travel_series	F01	1	.1,g	years	UBERON:feces	1015	Illumina HiSeq V4	time series for 4 travellers who went to Bangladesh on the same trip	90.41	human	right	USA	ENVO:feces	16S rRNA	ENVO:human-associated habitat	NA	UBERON:feces	NA	CCME	n	FWD:GTGCCAGCMGCCGCGGTAA; REV:GGACTACHVGGGTWTCTAAT	Sequencing by synthesis	1015:F01	23.71	n	CCME	F01 stool
1.31.F01.S745A.742743	CCAATGATAAGC	GTGTGCCAGCMGCCGCGGTAA	swab	n	CCME	Knight_Bangladesh_travel_series	stool	36	V4	NA	human gut metagenome	0	UBERON:feces_F01	CCME	9606	408170	UBERON:feces	1624.1	2/25/13	1/31/12	1201651200	0	Bangladesh_FO_16s_NoIndex_sequences	ENVO:human-associated habitat	female	illumina	Boulder, CO	GAZ:United States of America	167.6	Knight_Bangladesh_travel_series	F01	1	.1,g	years	UBERON:feces	1015	Illumina HiSeq V4	time series for 4 travellers who went to Bangladesh on the same trip	-105.27	human	right	USA	ENVO:feces	16S rRNA	ENVO:human-associated habitat	NA	UBERON:feces	NA	CCME	n	FWD:GTGCCAGCMGCCGCGGTAA; REV:GGACTACHVGGGTWTCTAAT	Sequencing by synthesis	1015:F01	40.01	n	CCME	F01 stool
1.27.F01.S.742358	CGTACCAGATCC	GTGTGCCAGCMGCCGCGGTAA	swab	n	CCME	Knight_Bangladesh_travel_series	stool	36	V4	NA	human gut metagenome	0	UBERON:feces_F01	CCME	9606	408170	UBERON:feces	1624.1	2/25/13	1/27/12	1201305600	0	Bangladesh_FO_16s_NoIndex_sequences	ENVO:human-associated habitat	female	illumina	Boulder, CO	GAZ:United States of America	167.6	Knight_Bangladesh_travel_series	F01	1	.1,g	years	UBERON:feces	1015	Illumina HiSeq V4	time series for 4 travellers who went to Bangladesh on the same trip	-105.27	human	right	USA	ENVO:feces	16S rRNA	ENVO:human-associated habitat	NA	UBERON:feces	NA	CCME	n	FWD:GTGCCAGCMGCCGCGGTAA; REV:GGACTACHVGGGTWTCTAAT	Sequencing by synthesis	1015:F01	40.01	n	CCME	F01 stool
1.29.F01.S.743449	TTAAGCGCCTGA	GTGTGCCAGCMGCCGCGGTAA	swab	n	CCME	Knight_Bangladesh_travel_series	stool	36	V4	NA	human gut metagenome	0	UBERON:feces_F01	CCME	9606	408170	UBERON:feces	1624.1	2/25/13	1/29/12	1201478400	0	Bangladesh_FO_16s_NoIndex_sequences	ENVO:human-associated habitat	female	illumina	Boulder, CO	GAZ:United States of America	167.6	Knight_Bangladesh_travel_series	F01	1	.1,g	years	UBERON:feces	1015	Illumina HiSeq V4	time series for 4 travellers who went to Bangladesh on the same trip	-105.27	human	right	USA	ENVO:feces	16S rRNA	ENVO:human-associated habitat	NA	UBERON:feces	NA	CCME	n	FWD:GTGCCAGCMGCCGCGGTAA; REV:GGACTACHVGGGTWTCTAAT	Sequencing by synthesis	1015:F01	40.01	n	CCME	F01 stool
2.27.F01.S800.742300	GTCTCTGAAAGA	GTGTGCCAGCMGCCGCGGTAA	swab	n	CCME	Knight_Bangladesh_travel_series	stool	36	V4	NA	human gut metagenome	0	UBERON:feces_F01	CCME	9606	408170	UBERON:feces	1624.1	2/25/13	2/27/12	1203984000	0	Bangladesh_FO_16s_NoIndex_sequences	ENVO:human-associated habitat	female	illumina	Boulder, CO	GAZ:United States of America	167.6	Knight_Bangladesh_travel_series	F01	1	.1,g	years	UBERON:feces	1015	Illumina HiSeq V4	time series for 4 travellers who went to Bangladesh on the same trip	-105.27	human	right	USA	ENVO:feces	16S rRNA	ENVO:human-associated habitat	NA	UBERON:feces	NA	CCME	n	FWD:GTGCCAGCMGCCGCGGTAA; REV:GGACTACHVGGGTWTCTAAT	Sequencing by synthesis	1015:F01	40.01	n	CCME	F01 stool
